Source_Name,SpectrumType,Pivot_Energy,PL_Flux_Density,PL_Index,LP_Flux_Density,LP_Index,LP_beta,SED_class
J0001.6-4156,PowerLaw         ,4009.3838,2.0757042e-14,1.7558894,2.3474046e-14,1.6675872,0.06975478,HSP
J0009.3+5030,LogParabola      ,1316.5792,1.4356928e-12,1.9939121,1.5412519e-12,1.8976711,0.06228566,HSP
J0009.8+1340,PowerLaw         ,2446.3928,1.9970882e-14,2.1652951,2.46361e-14,1.9495059,0.21887067,HSP
J0013.4+0950,PowerLaw         ,3223.53,1.5692022e-14,2.1515617,1.3768122e-14,2.250888,-0.06723811,HSP
J0013.9-1854,PowerLaw         ,2498.284,4.815596e-14,1.9975508,5.112665e-14,1.9552113,0.037264645,HSP
J0014.1-5022,PowerLaw         ,2658.6077,3.6815284e-14,2.0150008,3.8505237e-14,1.9675819,0.03362283,HSP
J0015.6+5551,PowerLaw         ,5696.421,1.24074775e-14,1.8762323,1.2308666e-14,1.881463,-0.0041418197,HSP
J0022.0+0006,PowerLaw         ,14206.8545,1.0386217e-15,1.5330765,8.650681e-16,1.5771286,-0.05945276,HSP
J0029.4+2051,PowerLaw         ,8560.29,1.753427e-15,1.6566781,2.6615738e-15,1.4344691,0.30380714,HSP
J0030.2-1647,PowerLaw         ,3909.7446,2.0350397e-14,1.7863624,2.5148503e-14,1.6412055,0.13414232,HSP
J0033.5-1921,LogParabola      ,1571.1472,9.079116e-13,1.7602993,9.941095e-13,1.6196342,0.07244495,HSP
J0035.9+5950,LogParabola      ,3201.1477,3.3162535e-13,1.7616578,3.538082e-13,1.6615051,0.05187776,HSP
J0037.8+1239,PowerLaw         ,1310.302,4.890718e-13,2.2157862,4.8567964e-13,2.2195632,-0.004597567,HSP
J0041.4+3800,PowerLaw         ,4417.6294,8.012742e-15,1.9358172,7.1096015e-15,1.9866525,-0.057919636,HSP
J0043.7-1116,PowerLaw         ,3149.5237,2.0924238e-14,1.9115086,2.733985e-14,1.592347,0.26773307,HSP
J0045.3+2128,LogParabola      ,2123.0813,3.0359976e-13,1.8091009,3.3101798e-13,1.6690748,0.07630503,HSP
J0047.9+5448,PowerLaw         ,17948.922,5.823629e-16,1.575197,5.7095987e-16,1.5806273,-0.008523053,HSP
J0049.5-4150,PowerLaw         ,3563.7036,8.63819e-15,1.992389,9.271981e-15,1.9327539,0.0557865,HSP
J0051.2-6242,LogParabola      ,2200.7866,3.325054e-13,1.7622628,3.685699e-13,1.5837516,0.09435062,HSP
J0054.7-2455,PowerLaw         ,3205.0996,7.363034e-14,1.774527,8.418251e-14,1.683218,0.07679502,HSP
J0058.3+1723,PowerLaw         ,9716.53,9.049526e-16,1.6250492,1.4317017e-15,1.4172249,0.28999045,HSP
J0059.3-0152,PowerLaw         ,4984.308,1.00871e-14,1.8054401,1.2164677e-14,1.6430991,0.125831,HSP
J0102.7-2001,PowerLaw         ,10026.008,9.240858e-16,1.5984182,1.6302833e-15,0.8838208,0.67983896,HSP
J0110.0-4019,PowerLaw         ,3930.7288,1.1149479e-14,1.8152498,1.3746152e-14,1.6957281,0.13271405,HSP
J0110.2+4151,PowerLaw         ,11470.652,8.3705056e-16,1.6552483,8.7513713e-16,1.6427437,0.018502885,HSP
J0110.7-1254,PowerLaw         ,2793.2805,2.8157903e-14,2.0305126,2.684771e-14,2.0392933,-0.022025993,HSP
J0115.8+2519,PowerLaw         ,2499.04,2.7674204e-13,1.917892,2.7711516e-13,1.917033,0.0008220426,HSP
J0116.0-2745,PowerLaw         ,4946.766,7.19183e-15,1.8867284,8.38664e-15,1.725325,0.11928727,HSP
J0119.0-1458,PowerLaw         ,3796.894,2.3134814e-14,1.8034194,2.757701e-14,1.6502172,0.12012213,HSP
J0121.8-3916,PowerLaw         ,3096.7776,2.4698854e-14,1.8974571,2.8402084e-14,1.8208532,0.084076725,HSP
J0123.1+3421,PowerLaw         ,6752.18,6.365542e-15,1.6971,6.7052687e-15,1.6558444,0.027618587,HSP
J0123.7-2311,PowerLaw         ,3111.0984,5.6619633e-14,1.8648756,5.922858e-14,1.8391187,0.024021206,HSP
J0127.2+0324,PowerLaw         ,2373.5337,8.780914e-14,1.9667717,9.478935e-14,1.9070412,0.049953908,HSP
J0131.1+6120,LogParabola      ,4046.494,9.943591e-14,1.7893045,1.1042229e-13,1.6605897,0.079657786,HSP
J0133.2-4533,PowerLaw         ,7339.9946,1.6844527e-15,1.7465668,2.5393052e-15,0.8754942,0.6820912,HSP
J0134.5+2637,PowerLaw         ,2472.5994,1.4644092e-13,1.9873419,1.521115e-13,1.9531784,0.025712604,HSP
J0136.5+3906,LogParabola      ,1869.8713,1.0536965e-12,1.7168688,1.1770983e-12,1.5612808,0.08195785,HSP
J0137.9+5814,PowerLaw         ,3259.991,1.4297924e-13,1.9511428,1.4665705e-13,1.9356902,0.015076106,HSP
J0138.0+2247,PowerLaw         ,2763.5994,5.2308777e-14,2.0063345,5.2717078e-14,2.0017035,0.0042850706,HSP
J0140.6-0758,PowerLaw         ,4350.338,8.319193e-15,1.8552041,1.0219356e-14,1.6656951,0.14558204,HSP
J0143.7-5846,PowerLaw         ,2431.4438,1.8545477e-13,1.8321602,2.0089331e-13,1.7799051,0.044526804,HSP
J0150.6-5448,PowerLaw         ,3195.2876,1.2368766e-14,1.9805044,1.5152803e-14,1.6103101,0.24348374,HSP
J0152.6+0147,PowerLaw         ,2407.6914,1.4055585e-13,1.9839189,1.3846953e-13,1.9964564,-0.0092933765,HSP
J0153.0+7517,PowerLaw         ,3514.199,3.8095798e-14,2.0005038,4.207987e-14,1.9470088,0.06741874,HSP
J0156.8-4744,PowerLaw         ,1612.4498,1.2267433e-13,2.192839,1.1796907e-13,2.2292454,-0.027327925,HSP
J0156.9-5301,LogParabola      ,2718.5059,6.6294206e-14,1.7406833,7.5406525e-14,1.5526526,0.10434077,HSP
J0159.5+1046,PowerLaw         ,2166.7153,2.1341521e-13,1.9946089,2.243386e-13,1.9612237,0.031407524,HSP
J0200.3-4109,PowerLaw         ,3711.4163,1.9073098e-14,1.8184702,2.3805876e-14,1.6819624,0.13951442,HSP
J0201.1+0036,PowerLaw         ,5441.3086,3.631314e-15,1.8820838,4.010942e-15,1.8167006,0.058941804,HSP
J0202.4+0849,PowerLaw         ,4812.01,8.952774e-15,1.8334899,1.244099e-14,1.6604168,0.22438219,HSP
J0202.9-0225,PowerLaw         ,4407.783,1.0540975e-14,1.9096692,1.0542015e-14,1.9093702,0.00051894883,HSP
J0204.3-3140,PowerLaw         ,2409.3928,1.9087088e-14,2.1119902,1.8505598e-14,2.1330042,-0.018458784,HSP
J0208.6+3523,PowerLaw         ,4178.676,1.4085308e-14,1.8797629,1.6371343e-14,1.805711,0.09318947,HSP
J0209.3+4449,PowerLaw         ,3642.0518,2.2218841e-14,1.9211661,2.569384e-14,1.7812963,0.10598291,HSP
J0209.3-5228,PowerLaw         ,2558.6196,2.66903e-13,1.8509203,2.7981857e-13,1.8072455,0.029567605,HSP
J0211.1-0646,PowerLaw         ,1990.2933,6.090086e-14,2.1279604,6.360735e-14,2.0991583,0.029274283,HSP
J0214.1-4733,PowerLaw         ,3717.4805,7.474234e-15,1.9419881,8.015283e-15,1.7587647,0.090295635,HSP
J0214.3+5145,PowerLaw         ,4042.614,2.9367754e-14,1.9037958,2.4525234e-14,2.0116913,-0.07872441,HSP
J0214.9-3722,PowerLaw         ,377.33728,2.8401337e-12,2.8433802,3.0466233e-12,2.790626,0.06856146,HSP
J0215.3+7555,PowerLaw         ,9847.343,1.7414145e-15,1.7833283,2.157606e-15,1.695622,0.12592368,HSP
J0215.9+0300,PowerLaw         ,2701.0725,3.8555717e-14,2.0336509,4.5311407e-14,1.8087919,0.16285133,HSP
J0216.5+2313,PowerLaw         ,4286.857,1.5123502e-14,1.8531953,1.9752476e-14,1.6976545,0.18167013,HSP
J0216.8-6635,LogParabola      ,1608.8937,2.5540656e-13,1.9879376,2.9613356e-13,1.7877909,0.14479913,HSP
J0219.0+2443,PowerLaw         ,3796.0435,2.3072632e-14,1.9093641,2.4367398e-14,1.891116,0.027820643,HSP
J0219.1-1724,PowerLaw         ,2450.1638,4.4708747e-14,2.103454,4.446786e-14,2.1049182,-0.0035682777,HSP
J0220.8-0841,PowerLaw         ,6589.0825,2.9936675e-15,1.7421361,4.564096e-15,1.4878155,0.31216583,HSP
J0223.0+6821,PowerLaw         ,4003.9524,3.092804e-14,2.0269737,3.5155516e-14,1.9242691,0.09873059,HSP
J0223.1-1117,PowerLaw         ,3638.9717,1.9678556e-14,1.8773395,2.3755122e-14,1.6978728,0.14583871,HSP
J0226.5-4441,PowerLaw         ,3546.7847,2.5260821e-14,1.9489475,2.986332e-14,1.7999411,0.13429633,HSP
J0232.5-1118,PowerLaw         ,5265.8706,4.7129887e-15,1.770877,6.803029e-15,1.5307634,0.2807827,HSP
J0232.8+2018,PowerLaw         ,5796.844,1.0317325e-14,1.7880126,1.0519047e-14,1.7811421,0.008896526,HSP
J0233.5+0654,PowerLaw         ,1094.8129,5.4355544e-13,2.33194,5.366277e-13,2.335365,-0.007302554,HSP
J0233.9+8041,PowerLaw         ,11895.276,1.0694378e-15,1.6498272,1.4450471e-15,1.2819511,0.2620011,HSP
J0235.6-2939,PowerLaw         ,2976.8801,1.6855236e-14,2.027813,1.2752114e-14,2.1865788,-0.11161647,HSP
J0237.6-3602,PowerLaw         ,3578.222,2.1453163e-14,1.8615276,2.3280507e-14,1.8084741,0.043693867,HSP
J0238.1-3905,PowerLaw         ,2222.663,7.175817e-14,1.990332,7.742316e-14,1.9286315,0.051994663,HSP
J0238.4-3116,PowerLaw         ,2751.1504,1.2609307e-13,1.8200365,1.2521928e-13,1.8243268,-0.00340491,HSP
J0238.7+2555,PowerLaw         ,5252.16,6.1617628e-15,1.9387773,5.6857442e-15,1.9777716,-0.039204292,HSP
J0241.3+6543,PowerLaw         ,3035.4768,1.091819e-13,2.1137252,1.1530525e-13,2.0863228,0.037833642,HSP
J0241.9-1603,PowerLaw         ,4389.8164,1.0344273e-14,1.8123796,1.2648222e-14,1.6061313,0.15580769,HSP
J0244.6-5819,PowerLaw         ,3911.92,3.684366e-14,1.7456913,4.022071e-14,1.6911279,0.04471958,HSP
J0250.6+1712,PowerLaw         ,4242.7974,2.5180307e-14,1.8404547,2.7840186e-14,1.766266,0.059807148,HSP
J0250.7+5630,PowerLaw         ,4018.95,3.247513e-14,2.0599043,3.410784e-14,2.0327091,0.033917483,HSP
J0257.0+3358,PowerLaw         ,3494.6685,1.2788223e-14,2.0120697,1.6213676e-14,1.9243969,0.15844643,HSP
J0259.4+0308,PowerLaw         ,10188.796,1.1166134e-15,1.67947,1.3412046e-15,1.4943199,0.13850749,HSP
J0303.3+0555,PowerLaw         ,11118.537,1.2127672e-15,1.6874561,1.3749383e-15,1.562493,0.08518876,HSP
J0303.4-2407,LogParabola      ,945.1168,5.1343743e-12,1.910174,5.310245e-12,1.8485527,0.031261194,HSP
J0304.4-2833,PowerLaw         ,5236.2324,6.3301343e-15,1.7270447,9.8239525e-15,1.2086502,0.48686516,HSP
J0304.5-0054,PowerLaw         ,2833.8882,2.3776903e-14,2.048788,2.4189623e-14,2.0433638,0.008250266,HSP
J0305.1-1608,PowerLaw         ,4982.654,1.1340723e-14,1.7855884,1.2545332e-14,1.718825,0.0589456,HSP
J0308.1-2852,PowerLaw         ,2180.9749,3.277057e-14,2.0842414,3.66895e-14,2.0075064,0.081537865,HSP
J0309.7-0745,PowerLaw         ,2819.8923,3.961722e-14,1.9761335,4.5031517e-14,1.8710077,0.09222376,HSP
J0310.6-5017,PowerLaw         ,3782.068,2.63572e-14,1.8092242,2.8759706e-14,1.7542602,0.04932776,HSP
J0311.5-4402,PowerLaw         ,1973.1084,3.0025732e-14,2.1710865,2.7436839e-14,2.1800337,-0.04886693,HSP
J0312.4-3221,PowerLaw         ,2247.8384,2.1220339e-14,2.0999925,2.7372256e-14,1.805578,0.2795761,HSP
J0312.5-2221,PowerLaw         ,2982.746,3.96386e-14,1.8571757,4.9606864e-14,1.6675308,0.16622438,HSP
J0314.3+0620,PowerLaw         ,4462.396,1.6377446e-14,1.8985955,1.9231671e-14,1.7768862,0.1133172,HSP
J0316.2-6437,LogParabola      ,2565.924,7.6095116e-14,1.7926747,8.727209e-14,1.59003,0.11711349,HSP
J0316.2-2608,PowerLaw         ,2644.4846,7.787792e-14,1.8743906,9.057951e-14,1.7742563,0.0979378,HSP
J0317.8-4414,PowerLaw         ,6205.731,2.4821356e-15,1.8277442,2.402032e-15,1.8394688,-0.014681218,HSP
J0319.8+1845,PowerLaw         ,6216.2944,1.3562524e-14,1.6630195,1.5412427e-14,1.6168257,0.0541016,HSP
J0320.6+1125,PowerLaw         ,3533.5012,1.6899495e-14,2.157082,1.5474953e-14,2.1902483,-0.041493062,HSP
J0322.0+2335,PowerLaw         ,2368.2185,2.5305485e-13,1.9860871,2.586717e-13,1.9697069,0.013425519,HSP
J0323.7-0111,PowerLaw         ,2763.2053,9.8736354e-14,1.8966516,1.1462004e-13,1.8102885,0.09815384,HSP
J0324.8+3412,PowerLaw         ,464.158,1.2998141e-11,2.8179884,1.4013201e-11,2.8120904,0.057676226,HSP
J0325.5-5635,PowerLaw         ,2368.8438,9.1926744e-14,1.9475634,9.7786633e-14,1.9062239,0.037127137,HSP
J0325.6-1646,PowerLaw         ,2719.088,1.3739898e-13,1.861475,1.496811e-13,1.8022795,0.051939048,HSP
J0326.2+0225,PowerLaw         ,3232.1138,7.126787e-14,1.8823535,7.4955924e-14,1.8499334,0.028825963,HSP
J0326.7-3404,PowerLaw         ,1983.6459,5.189334e-14,2.0573575,6.606684e-14,1.8989683,0.19655657,HSP
J0328.8-5715,PowerLaw         ,8549.478,1.4123885e-15,1.6706516,2.3372123e-15,1.0666122,0.54978174,HSP
J0331.3-6156,PowerLaw         ,1970.6235,1.8500764e-13,2.0047066,2.0424043e-13,1.9429648,0.064482376,HSP
J0331.8-7040,PowerLaw         ,12386.911,5.740654e-16,1.6060151,7.494996e-16,0.23568276,0.8109876,HSP
J0333.7+2916,LogParabola      ,1965.573,3.6721597e-13,1.9727132,4.1068895e-13,1.8335195,0.096946515,HSP
J0335.1-4459,PowerLaw         ,2172.6863,9.020486e-14,1.9812921,9.001783e-14,1.9825598,-0.001136789,HSP
J0336.5-0348,PowerLaw         ,10103.6045,1.5065098e-15,1.634396,1.5429377e-15,1.6202202,0.01210506,HSP
J0338.1-2443,PowerLaw         ,7907.202,1.9317495e-15,1.7325636,2.168553e-15,1.7148838,0.050512254,HSP
J0338.5+1302,LogParabola      ,3451.4866,1.3134644e-13,1.7676449,1.6291448e-13,1.5360831,0.16501388,HSP
J0338.7-5706,PowerLaw         ,9205.426,8.7928574e-16,1.6873047,9.330157e-16,1.6814005,0.02239669,HSP
J0339.2-1736,PowerLaw         ,2647.2996,9.7639954e-14,1.9308991,1.04225764e-13,1.8995746,0.034857225,HSP
J0349.4-1159,PowerLaw         ,4820.6025,1.4967496e-14,1.758454,1.6531833e-14,1.645829,0.064733475,HSP
J0350.8-2814,PowerLaw         ,8555.566,2.0904364e-15,1.7064273,2.2796308e-15,1.6511955,0.047662657,HSP
J0353.0+5654,PowerLaw         ,3672.8704,3.0060898e-14,2.0827777,3.3854047e-14,2.0330856,0.08477882,HSP
J0353.0-6831,PowerLaw         ,7875.765,5.2333816e-15,1.6694659,5.525825e-15,1.6362385,0.027075645,HSP
J0353.7+8257,PowerLaw         ,7429.4976,3.0134739e-15,1.6954374,3.3684224e-15,1.6574422,0.04814228,HSP
J0359.0-3053,PowerLaw         ,3101.3857,2.0492985e-14,1.9283414,2.308926e-14,1.847098,0.074368164,HSP
J0416.9+0105,PowerLaw         ,3730.7185,4.6546737e-14,1.8760538,4.5582695e-14,1.8878043,-0.010853299,HSP
J0431.8+7403,PowerLaw         ,2972.987,5.2177572e-14,1.9771323,5.5759627e-14,1.9323922,0.04144601,HSP
J0433.1+3227,PowerLaw         ,5587.5103,1.2364311e-14,1.8911694,1.3107072e-14,1.8381215,0.042674616,HSP
J0433.5-1039,PowerLaw         ,1417.6406,8.359416e-14,2.3079703,9.116423e-14,2.2693884,0.060297407,HSP
J0435.4-2623,PowerLaw         ,1836.042,3.7474452e-14,2.246443,3.6400692e-14,2.26625,-0.018264014,HSP
J0439.4-3202,PowerLaw         ,2887.5393,3.3540506e-14,1.9447147,3.4065595e-14,1.9341428,0.008403932,HSP
J0441.5+1505,PowerLaw         ,5039.474,1.292363e-14,2.0345695,1.3073779e-14,2.029745,0.0053723766,HSP
J0448.6-1632,PowerLaw         ,2431.1826,1.3246042e-13,1.9047438,1.4512981e-13,1.8401153,0.0566593,HSP
J0449.4-4350,LogParabola      ,1581.183,4.0157816e-12,1.8604484,4.279268e-12,1.7497208,0.061868787,HSP
J0452.0+2100,PowerLaw         ,11513.149,1.1251968e-15,1.6409409,1.4521838e-15,1.582468,0.12159954,HSP
J0502.9+6533,PowerLaw         ,9119.238,1.8198209e-15,1.729152,2.085718e-15,1.6378878,0.08311847,HSP
J0503.6+4518,PowerLaw         ,4282.2075,3.439187e-14,2.003722,3.9615528e-14,1.9100546,0.109128155,HSP
J0505.6+0415,PowerLaw         ,4433.8,2.9128115e-14,1.9415581,3.155656e-14,1.8754348,0.055040535,HSP
J0506.9-5435,LogParabola      ,3812.1045,3.750769e-14,1.6558244,4.4494126e-14,1.3991051,0.13878714,HSP
J0507.9+6737,PowerLaw         ,6444.5435,5.0028995e-14,1.5779337,5.3913322e-14,1.5387324,0.032118082,HSP
J0509.6-0402,PowerLaw         ,3213.6694,2.551816e-14,2.028077,2.4832002e-14,2.0509632,-0.017811717,HSP
J0509.9-6417,PowerLaw         ,3417.5508,2.8677988e-14,1.895492,2.8177518e-14,1.9065373,-0.009353487,HSP
J0516.4+7350,PowerLaw         ,3438.389,3.4589844e-14,1.8775688,3.847906e-14,1.8004276,0.0662513,HSP
J0521.7+2112,LogParabola      ,1542.1824,4.5557546e-12,1.9355129,4.7846974e-12,1.8513116,0.045826714,HSP
J0528.7-5920,PowerLaw         ,2368.4832,5.0800747e-14,2.0590432,5.504281e-14,1.9997379,0.057513718,HSP
J0536.4-3343,PowerLaw         ,6397.9995,2.415131e-14,1.7692937,2.8534612e-14,1.655359,0.107221164,HSP
J0536.5-2548,PowerLaw         ,3330.251,1.5715394e-14,1.8725641,1.9781021e-14,1.7456931,0.14941186,HSP
J0537.7-5717,PowerLaw         ,2288.326,7.3571134e-14,2.0128891,9.011298e-14,1.8432945,0.17391135,HSP
J0538.2-3910,PowerLaw         ,3147.3103,1.8280059e-14,1.9636701,2.0355044e-14,1.8952979,0.0664958,HSP
J0538.6+0443,PowerLaw         ,7195.0044,3.1422307e-15,1.8483491,4.8687695e-15,1.1668377,0.61960745,HSP
J0540.5+5823,PowerLaw         ,3790.9868,4.2740693e-14,1.9356352,4.1910336e-14,1.9446306,-0.00971349,HSP
J0543.9-5531,LogParabola      ,2273.4146,2.9167006e-13,1.7637902,3.18519e-13,1.6347406,0.069535665,HSP
J0550.5-3216,PowerLaw         ,3289.77,3.1845908e-14,1.8893952,3.0223864e-14,1.9269905,-0.026177593,HSP
J0553.5-2034,LogParabola      ,2044.9866,1.5650267e-13,1.9448196,1.8822866e-13,1.7640688,0.15501575,HSP
J0558.0-3837,PowerLaw         ,2829.8389,8.091855e-14,1.9067398,8.790883e-14,1.8394923,0.05636626,HSP
J0600.3+1244,PowerLaw         ,16077.434,2.2148205e-15,1.5330275,3.1622709e-15,1.5129381,0.16809753,HSP
J0604.1-4816,PowerLaw         ,5214.659,1.0117839e-14,1.7985235,1.1638941e-14,1.744857,0.07736106,HSP
J0606.5-4730,PowerLaw         ,2782.2915,3.93213e-14,1.9752063,4.885335e-14,1.882331,0.1578944,HSP
J0616.1-1732,PowerLaw         ,7970.5493,1.8010584e-15,1.8282192,2.5083494e-15,1.3771616,0.40092543,HSP
J0620.7+2643,PowerLaw         ,15866.009,1.3895525e-15,1.5413064,1.6302563e-15,1.5335648,0.061407574,HSP
J0621.7-3411,PowerLaw         ,3461.8486,1.2364656e-14,2.0677536,1.4983242e-14,1.8971177,0.1567716,HSP
J0622.3-2605,PowerLaw         ,2310.9558,3.8263278e-13,1.908918,4.0085293e-13,1.872899,0.02835979,HSP
J0624.2-2943,PowerLaw         ,3645.5903,1.0633473e-14,2.0262587,1.0817867e-14,2.0246103,0.009243991,HSP
J0626.4-4259,PowerLaw         ,3364.1108,2.683511e-14,1.9003268,3.2666656e-14,1.5842143,0.20531937,HSP
J0626.4-1712,PowerLaw         ,2463.81,3.5175906e-14,2.2334795,3.3293694e-14,2.2608583,-0.03378176,HSP
J0627.0-3529,PowerLaw         ,2268.2725,2.5441156e-13,1.9154272,2.6252888e-13,1.8939214,0.01782648,HSP
J0630.9-2406,LogParabola      ,1757.045,1.3286196e-12,1.8139521,1.4808029e-12,1.654211,0.09257669,HSP
J0640.0-1253,PowerLaw         ,10809.04,5.2636787e-15,1.6539474,5.6708424e-15,1.6164176,0.035569564,HSP
J0647.0-5138,PowerLaw         ,5607.9814,5.5525314e-15,1.8229164,6.764608e-15,1.6385139,0.14395829,HSP
J0648.4-6941,PowerLaw         ,5712.7505,2.3489505e-15,1.8513602,2.9725844e-15,1.7931874,0.14426605,HSP
J0648.7+1516,PowerLaw         ,4960.086,5.724332e-14,1.7137479,6.142826e-14,1.6717292,0.034396246,HSP
J0650.7+2503,LogParabola      ,1964.839,8.655308e-13,1.7406393,8.997512e-13,1.6804863,0.028598625,HSP
J0651.0+4013,PowerLaw         ,1943.6411,1.4750928e-13,2.0884168,1.6047722e-13,2.0310795,0.058366895,HSP
J0652.1-4813,PowerLaw         ,2982.1426,1.7027802e-14,2.0444372,1.9883653e-14,1.9008181,0.1328031,HSP
J0656.3-2404,PowerLaw         ,3834.7964,1.0634653e-14,2.0701969,1.0430275e-14,2.0777814,-0.00958816,HSP
J0659.6-6742,PowerLaw         ,8916.641,1.7205741e-15,1.697034,1.8450402e-15,1.6735004,0.028211229,HSP
J0700.2+1304,PowerLaw         ,2884.7056,6.1383604e-14,1.9975685,6.9386256e-14,1.8805346,0.10146129,HSP
J0703.2+6809,PowerLaw         ,5165.0205,3.0305886e-15,1.9280173,3.3432816e-15,1.8800672,0.053240266,HSP
J0706.5+3744,LogParabola      ,1837.9581,3.1899803e-13,1.877181,3.445207e-13,1.7650634,0.06425413,HSP
J0709.2-1527,PowerLaw         ,6311.3013,1.1142697e-14,1.8108231,1.3690815e-14,1.7398208,0.11490865,HSP
J0710.4+5908,PowerLaw         ,4958.5244,2.3504055e-14,1.6887386,2.655895e-14,1.6177028,0.06098196,HSP
J0717.7-5519,PowerLaw         ,4866.993,7.6374445e-15,1.878888,1.2233567e-14,1.4816229,0.48054963,HSP
J0723.0-0732,PowerLaw         ,2425.1064,8.7664874e-14,2.1151142,9.2663765e-14,2.0862343,0.03444815,HSP
J0723.7+2050,PowerLaw         ,4102.692,1.9332826e-14,1.8924843,1.7988496e-14,1.9383351,-0.03412593,HSP
J0730.4+3308,PowerLaw         ,2907.522,4.132051e-14,1.9458488,4.830822e-14,1.8459166,0.11457225,HSP
J0733.4+5152,PowerLaw         ,4724.5938,1.1324312e-14,1.8146912,1.2218341e-14,1.7713525,0.03911559,HSP
J0740.9+3203,PowerLaw         ,1044.1111,2.4324162e-13,2.4403086,2.3124387e-13,2.46997,-0.032459296,HSP
J0744.1+7434,PowerLaw         ,3999.584,2.76583e-14,1.9056157,2.6125371e-14,1.94547,-0.032287013,HSP
J0746.6-4754,PowerLaw         ,2377.5806,2.1259764e-13,2.0096612,2.3300716e-13,1.9433215,0.06534759,HSP
J0747.5+0905,PowerLaw         ,2733.866,3.810206e-14,2.032369,4.039297e-14,2.0067499,0.035068136,HSP
J0748.3+8511,LogParabola      ,4258.251,1.3315614e-14,1.7186826,1.7415633e-14,1.5106642,0.1802702,HSP
J0749.2+2314,PowerLaw         ,4571.3745,7.974834e-15,1.9419922,7.696655e-15,1.9555938,-0.019767243,HSP
J0802.0+1006,PowerLaw         ,2711.9873,3.8048832e-14,2.0167358,4.4915016e-14,1.9563322,0.10962161,HSP
J0802.3-0942,PowerLaw         ,3279.0127,5.1484228e-14,1.9225265,5.5148902e-14,1.8706411,0.044608634,HSP
J0803.0+2439,PowerLaw         ,4628.103,5.1892076e-15,1.9690284,4.105692e-15,2.0791793,-0.08730078,HSP
J0803.2-0337,PowerLaw         ,1920.6237,2.6962465e-13,2.0060735,2.7683994e-13,1.9901721,0.016202103,HSP
J0805.4+7534,PowerLaw         ,2473.7808,2.1377785e-13,1.8539182,2.2352411e-13,1.8219684,0.024779253,HSP
J0806.5+5930,PowerLaw         ,3068.0068,3.0004438e-14,1.9956754,2.9132272e-14,2.0183828,-0.017599657,HSP
J0809.6+3455,PowerLaw         ,4729.1943,1.1418233e-14,1.7980542,1.1525082e-14,1.7922786,0.005928121,HSP
J0809.8+5218,LogParabola      ,1345.8887,1.974029e-12,1.8765472,2.0440461e-12,1.8112458,0.032590605,HSP
J0812.6+2821,PowerLaw         ,2638.5046,2.524748e-14,2.1110425,2.3031292e-14,2.1440275,-0.048746303,HSP
J0812.8+6507,PowerLaw         ,3121.3733,2.5232949e-14,2.0739057,2.5809177e-14,2.058531,0.01495194,HSP
J0812.9+5555,PowerLaw         ,2396.7122,2.943207e-14,2.1753442,3.0423834e-14,2.1578538,0.019861957,HSP
J0814.4+2941,PowerLaw         ,4234.593,9.904787e-15,1.9872433,1.0987691e-14,1.9329231,0.07181332,HSP
J0816.4-1311,PowerLaw         ,2914.5728,2.0396277e-13,1.8503149,2.2268586e-13,1.7926592,0.050426293,HSP
J0819.4-0756,PowerLaw         ,5176.841,8.624749e-15,1.8462038,8.888996e-15,1.8279757,0.015682548,HSP
J0826.4-6404,PowerLaw         ,4952.239,1.8771265e-14,1.81135,1.9769598e-14,1.7777356,0.027454978,HSP
J0830.0+5231,PowerLaw         ,4059.3838,9.1709816e-15,1.9992931,9.275033e-15,1.9860177,0.007688949,HSP
J0830.1-0946,PowerLaw         ,4730.0874,6.005615e-15,1.8977268,6.42034e-15,1.8556838,0.0390415,HSP
J0837.3+1458,PowerLaw         ,4820.102,6.3422655e-15,1.8490577,7.47655e-15,1.6607999,0.13993633,HSP
J0841.3-3554,LogParabola      ,3544.3792,1.1441659e-13,1.8192713,1.4413516e-13,1.5550115,0.20321956,HSP
J0842.7+6656,PowerLaw         ,6915.857,3.5031163e-15,1.8902215,3.0691477e-15,1.9610856,-0.061752725,HSP
J0848.7+0508,PowerLaw         ,13175.19,9.008462e-16,1.7154051,1.1079619e-15,1.6071837,0.13735154,HSP
J0850.5+3455,PowerLaw         ,2272.6765,6.5063325e-14,2.012729,6.295728e-14,2.037839,-0.019893678,HSP
J0853.1-3657,PowerLaw         ,3014.1992,1.1463184e-13,1.9969735,1.2605834e-13,1.9367272,0.061168075,HSP
J0857.7+0137,PowerLaw         ,1249.0034,1.13229196e-13,2.3648453,1.483438e-13,2.3066442,0.21841882,HSP
J0859.4+8345,PowerLaw         ,12059.893,4.8613185e-16,1.5224936,7.604284e-16,1.4214326,0.2743157,HSP
J0905.6+1358,LogParabola      ,2457.8328,1.5351265e-13,1.7910147,1.7993636e-13,1.5915446,0.12827094,HSP
J0911.7+3349,PowerLaw         ,2436.5142,4.659452e-14,2.195566,4.7521113e-14,2.190301,0.012012404,HSP
J0912.2+2800,PowerLaw         ,8077.7974,2.0945886e-15,1.6796411,2.534468e-15,-0.083803646,0.9999999,HSP
J0912.5+1556,PowerLaw         ,5283.88,9.318879e-15,1.80145,8.1344055e-15,1.8533258,-0.05397146,HSP
J0912.9-2102,PowerLaw         ,3383.057,8.909098e-14,1.8663834,9.1395594e-14,1.846648,0.015030671,HSP
J0915.9+2933,LogParabola      ,1366.2611,9.753167e-13,1.8906851,1.0628454e-12,1.7500744,0.07920097,HSP
J0916.7+5238,PowerLaw         ,4152.425,7.825349e-15,1.8405092,9.55112e-15,1.711507,0.12984219,HSP
J0917.3-0342,PowerLaw         ,7078.84,3.065543e-15,1.7702097,2.9338343e-15,1.7956978,-0.020629682,HSP
J0919.3-2202,PowerLaw         ,5818.329,3.3503336e-15,1.8748147,4.1235842e-15,1.7205849,0.1468114,HSP
J0930.5+4951,PowerLaw         ,6166.8403,5.773254e-15,1.8235419,5.8672223e-15,1.8130653,0.0094244,HSP
J0940.4+6148,PowerLaw         ,4910.1055,1.05135635e-14,1.8322301,1.1890739e-14,1.7495425,0.07412522,HSP
J0942.3+2842,PowerLaw         ,4333.9346,6.998485e-15,1.8958988,7.141105e-15,1.8857567,0.011239487,HSP
J0942.7-2028,PowerLaw         ,2728.0845,2.6795025e-14,1.9959073,3.198173e-14,1.915024,0.118793584,HSP
J0946.2+0104,PowerLaw         ,5792.8604,7.037268e-15,1.8907281,8.357736e-15,1.7840744,0.120453134,HSP
J0952.2+7503,PowerLaw         ,14740.214,6.5443645e-16,1.492666,9.820829e-16,1.1393194,0.32362914,HSP
J0953.0-0840,LogParabola      ,1364.0251,1.1945133e-12,1.8916587,1.2576678e-12,1.8026386,0.04647103,HSP
J0953.4-7659,PowerLaw         ,4844.614,9.460577e-15,1.9798474,9.880397e-15,1.9177634,0.03460572,HSP
J0954.2+4913,LogParabola      ,6329.833,5.509485e-15,1.5906217,8.2121e-15,1.1609548,0.32505795,HSP
J0956.5-0958,PowerLaw         ,6856.058,2.291578e-15,1.7810593,3.294305e-15,1.3355638,0.38114205,HSP
J0958.1-6753,PowerLaw         ,2905.242,1.917691e-14,2.2341013,1.6194023e-14,2.2467363,-0.07913278,HSP
J0958.8+7039,PowerLaw         ,7818.5674,1.4174951e-15,1.7811542,1.926836e-15,1.5622927,0.2678517,HSP
J1002.5+2215,PowerLaw         ,4062.272,1.6248421e-14,1.9066331,1.6888882e-14,1.8682024,0.026947672,HSP
J1010.2-3119,PowerLaw         ,5748.9272,2.2052825e-14,1.7635767,2.2835595e-14,1.7429534,0.018382834,HSP
J1015.0+4926,LogParabola      ,1022.41956,6.632108e-12,1.8372793,6.9651763e-12,1.7495568,0.042783048,HSP
J1021.1+1626,PowerLaw         ,4516.1606,5.720826e-15,1.931059,6.0473176e-15,1.8672497,0.042598817,HSP
J1022.7-0112,PowerLaw         ,2631.678,9.846407e-14,1.949132,1.05345135e-13,1.9065797,0.041322105,HSP
J1023.8+3002,PowerLaw         ,5162.894,5.5831126e-15,1.8604847,5.5873423e-15,1.8566762,0.00374502,HSP
J1023.8-4335,LogParabola      ,3044.156,1.1826437e-13,1.7694342,1.3872002e-13,1.6045913,0.11278494,HSP
J1026.9-1749,PowerLaw         ,2127.4275,2.730508e-13,1.948102,2.870527e-13,1.9124869,0.030448355,HSP
J1027.0-8542,LogParabola      ,2427.3523,1.58967e-13,1.8659635,1.7471086e-13,1.7274611,0.08141214,HSP
J1027.6+6317,PowerLaw         ,2763.8708,4.74514e-14,1.9627528,5.0854046e-14,1.8954191,0.052111115,HSP
J1030.6-2028,PowerLaw         ,3575.1304,3.926977e-14,1.8550516,4.5168838e-14,1.7142805,0.104376815,HSP
J1031.3+5053,PowerLaw         ,3220.7725,9.2034385e-14,1.7350627,1.0039936e-13,1.6761085,0.04465529,HSP
J1031.8-2609,PowerLaw         ,5056.7437,4.611502e-15,1.9397529,4.461899e-15,1.9583482,-0.018515095,HSP
J1033.5+4221,PowerLaw         ,6019.896,2.1081515e-15,1.7596664,2.8242304e-15,1.2632192,0.3980885,HSP
J1037.0-1954,PowerLaw         ,3964.3413,6.3145603e-15,2.0291724,6.057609e-15,2.051009,-0.023920933,HSP
J1039.6+0535,PowerLaw         ,6520.9907,3.607019e-15,1.8910682,3.2156973e-15,1.9474231,-0.056187063,HSP
J1042.1-4128,PowerLaw         ,4461.55,1.4231832e-14,1.8677711,1.9753713e-14,1.7000049,0.24551627,HSP
J1042.9+0054,PowerLaw         ,5228.9746,8.217684e-15,1.7947683,9.0981494e-15,1.7345022,0.057490915,HSP
J1045.3+2751,PowerLaw         ,4422.73,6.926691e-15,1.8818355,6.9543827e-15,1.8729856,0.0038543898,HSP
J1046.8-2534,PowerLaw         ,5815.342,7.502191e-15,1.7382439,1.0167302e-14,1.6086599,0.20729925,HSP
J1049.7+5011,PowerLaw         ,1420.3923,9.745042e-14,2.2483866,1.2347298e-13,2.0947483,0.23874764,HSP
J1052.9-3743,PowerLaw         ,3006.2876,2.9523926e-14,1.9971071,3.258374e-14,1.9553267,0.06363317,HSP
J1055.5-0125,PowerLaw         ,3370.672,3.052784e-14,1.9265323,2.863287e-14,1.9691237,-0.03061862,HSP
J1057.2+5510,PowerLaw         ,4916.4873,5.7572376e-15,1.8209573,7.318381e-15,1.2080309,0.36873046,HSP
J1057.8-2754,PowerLaw         ,3007.2175,5.1365037e-14,1.9123368,5.651341e-14,1.8448093,0.058989316,HSP
J1103.6-2329,PowerLaw         ,4840.3286,2.0905825e-14,1.7667134,2.081931e-14,1.7692556,-0.0020953268,HSP
J1104.0+0020,PowerLaw         ,1017.61176,2.1251975e-13,2.5340958,2.0729481e-13,2.5432844,-0.018321969,HSP
J1104.4+3812,LogParabola      ,1263.747,1.8364692e-11,1.7818525,1.879466e-11,1.7355076,0.020352405,HSP
J1110.2+7135,PowerLaw         ,3098.8337,3.088472e-14,1.914084,3.7045416e-14,1.7956171,0.13101102,HSP
J1111.5+3455,PowerLaw         ,11963.786,9.60898e-16,1.6916255,9.575124e-16,1.6890736,-0.0017068903,HSP
J1112.4+1751,PowerLaw         ,1639.1919,6.410662e-14,2.3043644,5.4640232e-14,2.3460875,-0.08135392,HSP
J1117.0+2013,PowerLaw         ,1911.775,3.4133848e-13,1.9566268,3.417251e-13,1.9552047,0.0010422451,HSP
J1117.2+0008,PowerLaw         ,4112.75,1.04191405e-14,1.8817871,1.144971e-14,1.7955639,0.05954165,HSP
J1117.6+2550,PowerLaw         ,1430.248,1.5497494e-13,2.2345953,1.5853517e-13,2.2251365,0.015096178,HSP
J1118.0+5356,LogParabola      ,1627.2115,2.902493e-13,1.9012973,3.1576274e-13,1.7836502,0.07127844,HSP
J1120.8+4212,PowerLaw         ,4360.5605,7.284249e-14,1.6235799,8.064989e-14,1.5631721,0.045659486,HSP
J1123.1-3233,PowerLaw         ,2516.648,2.4596522e-14,2.12528,2.5047764e-14,2.1191356,0.013453529,HSP
J1124.0+2045,PowerLaw         ,3659.7197,1.2669075e-14,1.9756315,1.404554e-14,1.8854727,0.07816547,HSP
J1124.9+4934,LogParabola      ,2941.0762,5.2930384e-14,1.7533301,6.417334e-14,1.5191771,0.14983426,HSP
J1125.1-2101,PowerLaw         ,2603.0205,7.223403e-14,1.966979,8.8115286e-14,1.7914039,0.15643632,HSP
J1125.9-0742,PowerLaw         ,2635.696,3.9923797e-14,2.1081073,3.9912365e-14,2.1047094,0.0020171609,HSP
J1129.2-1014,PowerLaw         ,2896.4424,1.6101425e-14,2.068152,1.940515e-14,1.8561014,0.20562087,HSP
J1130.5-7801,LogParabola      ,5656.5254,1.4953923e-14,1.6788151,1.8660791e-14,1.4093412,0.16994353,HSP
J1130.5-3137,PowerLaw         ,19911.414,3.7240664e-16,1.4451753,4.411803e-16,1.3433782,0.08393691,HSP
J1131.1-0944,PowerLaw         ,3345.6023,1.8099764e-14,2.028497,1.652178e-14,2.0722485,-0.047245044,HSP
J1132.2-4736,PowerLaw         ,3057.5298,4.246277e-14,1.9868119,4.23716e-14,1.9875342,-0.0007998749,HSP
J1133.8-2048,PowerLaw         ,3016.9224,1.394245e-14,2.0030534,2.0875573e-14,0.8648171,0.92213345,HSP
J1136.4+6736,PowerLaw         ,3823.4011,3.6009627e-14,1.7466912,3.8330697e-14,1.7036489,0.03239978,HSP
J1136.4+7009,PowerLaw         ,2611.4443,1.574301e-13,1.8109199,1.593839e-13,1.8022436,0.0062881284,HSP
J1140.5+1528,PowerLaw         ,8410.503,2.7326344e-15,1.7575399,2.9334248e-15,1.7223952,0.035348676,HSP
J1141.5-1408,PowerLaw         ,3090.4856,2.5899069e-14,1.9650406,2.7417943e-14,1.930494,0.03322174,HSP
J1144.9+1937,PowerLaw         ,2614.4849,4.595886e-14,1.9982857,4.654138e-14,1.988557,0.00743223,HSP
J1145.5-0340,PowerLaw         ,4316.6875,4.6412713e-15,1.9261647,7.154233e-15,1.5626947,0.5048778,HSP
J1149.4+2441,PowerLaw         ,4422.0825,9.397449e-15,1.9622163,1.15647e-14,1.8424492,0.15953588,HSP
J1150.6+4154,LogParabola      ,1870.3612,4.645128e-13,1.8047591,5.203159e-13,1.6186918,0.102533884,HSP
J1154.0-0010,PowerLaw         ,4089.2148,2.3938123e-14,1.8066547,2.6347465e-14,1.7286993,0.058972955,HSP
J1156.6-2248,PowerLaw         ,2935.7832,3.4960682e-14,2.0363874,4.307675e-14,1.9460319,0.16234012,HSP
J1203.4-3925,PowerLaw         ,5336.192,1.2996584e-14,1.8075035,1.3187152e-14,1.802629,0.006341907,HSP
J1212.0+2242,PowerLaw         ,2659.8147,2.1978833e-14,2.016427,2.4629506e-14,1.9439615,0.074654154,HSP
J1216.1+0930,PowerLaw         ,2013.3148,7.928716e-14,2.0643804,8.609752e-14,2.0173302,0.052720793,HSP
J1217.9+3007,LogParabola      ,1093.8949,7.537831e-12,1.9292163,7.980157e-12,1.8541337,0.046154726,HSP
J1221.3+3010,PowerLaw         ,4501.464,1.8325864e-13,1.707395,1.95637e-13,1.6648307,0.032616034,HSP
J1223.0+1100,PowerLaw         ,2909.3318,2.1915433e-14,1.982081,2.8705987e-14,1.7811607,0.22411357,HSP
J1223.6-3032,PowerLaw         ,7648.8525,3.9156203e-15,1.7327691,4.3981504e-15,1.5709798,0.08946947,HSP
J1223.8+4649,PowerLaw         ,1957.4691,2.6130306e-14,2.2178204,2.5807507e-14,2.2224772,-0.0077717234,HSP
J1224.4+2436,PowerLaw         ,2216.482,2.5058154e-13,1.9251257,2.7058187e-13,1.8651296,0.050192367,HSP
J1225.3-3446,PowerLaw         ,3632.6453,1.0008606e-14,2.0675948,8.99646e-15,2.118646,-0.055031557,HSP
J1225.4-1550,PowerLaw         ,9040.641,1.1222247e-15,1.6731858,1.8742527e-15,1.2163397,0.5495656,HSP
J1226.7+0637,PowerLaw         ,5559.6597,6.9720286e-15,1.7353107,8.7610684e-15,1.5832775,0.1434201,HSP
J1233.1+1703,PowerLaw         ,3242.4438,1.6327963e-14,1.9272531,2.586365e-14,1.4016666,0.5733319,HSP
J1241.8-1456,PowerLaw         ,3288.616,3.596839e-14,1.8721225,4.5799803e-14,1.6999602,0.1753207,HSP
J1241.9+0636,PowerLaw         ,5265.1387,4.385021e-15,1.8464293,5.7386554e-15,0.34984517,0.9999347,HSP
J1242.6+7635,PowerLaw         ,10079.183,6.753174e-16,1.6668689,7.6129595e-16,1.6341361,0.05852211,HSP
J1243.2+3627,LogParabola      ,1686.5269,6.815486e-13,1.7723192,7.300624e-13,1.6486913,0.059795354,HSP
J1247.0+4421,PowerLaw         ,3512.607,2.3685608e-14,1.8238183,2.869025e-14,1.6356932,0.14414363,HSP
J1249.2-2809,PowerLaw         ,2326.5781,9.0552545e-14,2.0624897,9.686711e-14,2.0229716,0.04393799,HSP
J1251.2+1039,PowerLaw         ,2262.4448,4.1653963e-14,2.130134,4.5609465e-14,2.03286,0.07752098,HSP
J1253.5-3934,PowerLaw         ,9528.904,1.5990697e-15,1.6649123,2.824614e-15,1.3581669,0.47283247,HSP
J1253.8+0327,PowerLaw         ,2096.5413,1.7902994e-13,1.9897273,1.9970935e-13,1.9160954,0.07396805,HSP
J1254.5+2210,PowerLaw         ,1816.2441,1.7872838e-13,2.0890749,1.9330058e-13,2.013007,0.0618591,HSP
J1256.2-1146,PowerLaw         ,2631.1396,1.12771385e-13,1.9203418,1.1842556e-13,1.8916119,0.027190592,HSP
J1257.6+2413,PowerLaw         ,8926.593,1.0935517e-15,1.65433,1.2290936e-15,1.5865475,0.07369882,HSP
J1259.8-3749,PowerLaw         ,1856.3156,1.9453022e-13,2.1062777,1.9595812e-13,2.1006136,0.004712079,HSP
J1304.3-4353,LogParabola      ,1934.4519,6.0524654e-13,1.8899103,6.7401765e-13,1.7378745,0.094922885,HSP
J1305.9+3858,PowerLaw         ,2100.8787,2.3344587e-14,2.1385021,2.6002026e-14,2.089376,0.074329816,HSP
J1307.6-4259,PowerLaw         ,2532.863,2.720728e-13,1.9390156,2.8518477e-13,1.9039023,0.029594481,HSP
J1310.2-1158,PowerLaw         ,2322.8262,8.128458e-14,2.035203,8.384888e-14,2.0176554,0.018214596,HSP
J1310.7-5553,PowerLaw         ,667.2617,1.7583122e-12,2.8207676,2.0799222e-12,2.4157472,0.3766141,HSP
J1312.4-2156,LogParabola      ,1405.2395,1.109998e-12,2.0170019,1.3034824e-12,1.8266842,0.1514602,HSP
J1312.8-2350,PowerLaw         ,3821.778,4.0645015e-14,1.8508908,4.7084915e-14,1.7456113,0.09347008,HSP
J1315.0-4236,PowerLaw         ,8204.62,6.5856693e-15,1.6855085,7.0739126e-15,1.6248267,0.04129294,HSP
J1315.5+1135,PowerLaw         ,4745.6855,1.154214e-14,1.7921737,1.5436586e-14,1.561182,0.217312,HSP
J1315.9-0732,LogParabola      ,2055.636,1.2327987e-13,1.9302421,1.4699097e-13,1.7527611,0.13762563,HSP
J1322.9+0437,PowerLaw         ,3461.9836,1.5012538e-14,1.9224485,2.1117687e-14,1.5894852,0.36841738,HSP
J1323.9+1405,PowerLaw         ,3120.3005,5.082785e-14,1.8782538,6.0949286e-14,1.7014786,0.13810633,HSP
J1326.1+1232,PowerLaw         ,3935.8835,7.110856e-15,1.9400831,9.326008e-15,1.4296815,0.36594322,HSP
J1328.5-4727,PowerLaw         ,4629.1255,3.6975522e-14,2.0099463,3.786716e-14,1.9983433,0.015391734,HSP
J1328.6+1145,PowerLaw         ,8730.99,1.6329731e-15,1.6977489,2.2053413e-15,1.4979415,0.1870225,HSP
J1330.2+7002,PowerLaw         ,2478.0496,5.3659893e-14,1.9665796,5.8780956e-14,1.8873361,0.06588,HSP
J1330.3+4441,PowerLaw         ,1986.1969,7.692748e-14,2.0747738,8.9596746e-14,1.912175,0.13600627,HSP
J1334.1-3521,PowerLaw         ,8844.442,1.5119219e-15,1.7090163,1.5284212e-15,1.6954094,0.006828632,HSP
J1336.2+2320,PowerLaw         ,2793.3296,2.1237925e-14,1.9977722,2.6064688e-14,1.6989238,0.23234841,HSP
J1340.5+4409,PowerLaw         ,8152.757,2.5930537e-15,1.6635898,2.9050801e-15,1.6071249,0.056036137,HSP
J1340.8-0409,PowerLaw         ,2158.6362,7.132678e-14,2.0087214,9.251273e-14,1.879317,0.2162862,HSP
J1341.2+3958,PowerLaw         ,4041.4138,1.3935633e-14,1.8634467,1.3425631e-14,1.8959382,-0.019756861,HSP
J1347.4+7309,PowerLaw         ,461.40543,1.335887e-12,2.8114345,1.4191291e-12,2.7702596,0.05264813,HSP
J1348.9+0756,PowerLaw         ,3317.7236,1.3139095e-14,2.0511951,1.334646e-14,2.048555,0.006608917,HSP
J1351.3+1115,PowerLaw         ,2644.692,1.0852226e-13,1.8840036,1.2067754e-13,1.8140068,0.0654152,HSP
J1353.2+3740,PowerLaw         ,2414.8809,3.0052563e-14,2.1254454,3.502359e-14,1.9128402,0.16590188,HSP
J1353.6-6640,PowerLaw         ,4386.7876,5.8544125e-14,1.9303658,5.877815e-14,1.928336,0.001931209,HSP
J1353.7-3936,PowerLaw         ,11536.512,7.246918e-16,1.686637,1.2232904e-15,1.4228793,0.41379645,HSP
J1400.2-4010,PowerLaw         ,4477.9697,7.9630414e-15,1.9860641,8.987527e-15,1.9697839,0.078123614,HSP
J1404.8+0402,PowerLaw         ,2059.093,1.2125103e-13,2.056973,1.2318434e-13,2.0478907,0.009452907,HSP
J1406.9+1643,PowerLaw         ,4516.9087,1.0924659e-14,1.7935947,1.4418906e-14,1.5515018,0.22373664,HSP
J1410.3+6058,PowerLaw         ,10064.827,7.515632e-16,1.6229523,9.936826e-16,1.3375212,0.2160569,HSP
J1410.4+2820,PowerLaw         ,1779.3865,8.434365e-14,2.1015787,9.647745e-14,2.0052335,0.10785643,HSP
J1411.8+5249,PowerLaw         ,2012.9761,5.2108762e-14,2.110171,4.972858e-14,2.1272314,-0.027648719,HSP
J1416.1-2417,PowerLaw         ,4486.0405,1.2764646e-14,1.834965,1.6773406e-14,1.7053326,0.15572388,HSP
J1417.9+2543,PowerLaw         ,12278.625,2.4608065e-15,1.4539263,3.1855844e-15,1.3496157,0.11674186,HSP
J1418.4-0233,LogParabola      ,1843.8491,7.132731e-13,1.7925262,7.8238035e-13,1.6398157,0.08008033,HSP
J1418.4+3543,LogParabola      ,829.2064,3.825856e-12,2.1065903,4.0953235e-12,2.0159938,0.066122346,HSP
J1418.9+7731,LogParabola      ,3157.1404,3.4713233e-14,1.7714677,4.3401443e-14,1.4791343,0.1986737,HSP
J1422.6+5801,LogParabola      ,4585.447,9.449265e-15,1.683388,1.32426656e-14,1.3839206,0.23986688,HSP
J1424.1-1750,PowerLaw         ,4048.146,1.5290637e-14,1.9001129,1.7743263e-14,1.8218,0.088457264,HSP
J1427.0+2348,LogParabola      ,1204.567,6.553932e-12,1.8181432,7.0347088e-12,1.7051728,0.058132533,HSP
J1428.5+4240,PowerLaw         ,5167.243,2.7645903e-14,1.6321058,2.9065468e-14,1.6056403,0.021007061,HSP
J1438.6+1205,PowerLaw         ,3545.8655,8.8734214e-15,2.0235467,9.467388e-15,1.9791838,0.03967761,HSP
J1439.3+3932,PowerLaw         ,2309.3467,9.4812755e-14,1.9702746,9.7824465e-14,1.9523581,0.019682596,HSP
J1439.9-3953,PowerLaw         ,2987.28,3.641658e-14,2.087274,3.4361054e-14,2.1170955,-0.03260635,HSP
J1440.6-3846,PowerLaw         ,6415.3013,1.7464569e-14,1.7344257,1.8955354e-14,1.6746372,0.04702212,HSP
J1442.6-4623,PowerLaw         ,3734.24,3.113005e-14,2.0047874,3.2251857e-14,1.9865059,0.020258617,HSP
J1442.7+1200,PowerLaw         ,3828.1267,3.314397e-14,1.8013904,3.9814028e-14,1.675721,0.111366846,HSP
J1443.9-3908,LogParabola      ,1978.045,8.9249035e-13,1.8306292,9.61151e-13,1.7351527,0.05621288,HSP
J1445.0-0326,PowerLaw         ,4667.018,3.311513e-14,1.7471712,3.9400683e-14,1.6071622,0.108341984,HSP
J1446.8-1830,PowerLaw         ,3472.342,1.2995592e-14,2.0183291,1.3994797e-14,1.9032079,0.06319976,HSP
J1448.0+3608,LogParabola      ,2000.5652,3.3076043e-13,1.7925287,3.7762724e-13,1.599795,0.11323423,HSP
J1455.8-7601,PowerLaw         ,4111.5654,1.1527859e-14,1.970702,1.3789238e-14,1.8719776,0.1233937,HSP
J1503.7-1540,PowerLaw         ,3815.6724,6.310648e-14,1.818367,6.966288e-14,1.7568429,0.0538335,HSP
J1505.5-8241,PowerLaw         ,3366.643,2.1607075e-14,2.019148,2.340899e-14,1.9775958,0.049190708,HSP
J1508.8+2708,PowerLaw         ,2627.52,3.59297e-14,2.0458138,3.3638382e-14,2.0812027,-0.035694823,HSP
J1511.8-0513,PowerLaw         ,3887.6936,4.91113e-14,1.967672,5.227273e-14,1.8950814,0.048609685,HSP
J1513.4-0753,PowerLaw         ,8888.887,1.6536397e-15,1.8194454,1.840723e-15,1.7282726,0.06790515,HSP
J1517.7+6525,PowerLaw         ,3014.2166,8.632798e-14,1.8160888,9.622411e-14,1.7327204,0.066113025,HSP
J1518.0-2731,PowerLaw         ,2284.1846,2.8458383e-13,2.051624,2.9235278e-13,2.0338726,0.017532516,HSP
J1518.4+0750,PowerLaw         ,7711.857,1.6520778e-15,1.7269522,2.3747234e-15,1.5171846,0.27123228,HSP
J1518.6+0614,PowerLaw         ,7013.531,2.743227e-15,1.7493265,2.8077634e-15,1.7323095,0.01871458,HSP
J1518.6+4044,PowerLaw         ,3237.0955,2.2726209e-14,1.8766851,2.6398243e-14,1.8021073,0.087019384,HSP
J1520.8-0348,LogParabola      ,3122.0652,9.7757306e-14,1.8078246,1.2299278e-13,1.5472202,0.19191557,HSP
J1526.7-1529,PowerLaw         ,3801.078,1.6323783e-14,1.9677774,1.9340683e-14,1.8988926,0.11269347,HSP
J1529.2+3812,PowerLaw         ,2545.9695,2.3758686e-14,2.0483325,2.8289193e-14,1.9379402,0.13494825,HSP
J1533.2+3416,PowerLaw         ,2965.159,4.14832e-14,1.8902265,4.769204e-14,1.7501062,0.10856175,HSP
J1535.0+5320,PowerLaw         ,4115.296,1.15206755e-14,1.8292229,1.3298117e-14,1.6716478,0.10333101,HSP
J1540.1+8155,LogParabola      ,3179.1023,5.972404e-14,1.7096144,6.647866e-14,1.5512432,0.083675206,HSP
J1541.9-2915,PowerLaw         ,3656.825,3.4311546e-14,1.9063345,4.058764e-14,1.8327162,0.09832171,HSP
J1546.0+0819,PowerLaw         ,2864.4607,7.2240276e-14,1.9026055,8.4098364e-14,1.7896203,0.10450049,HSP
J1546.1-1003,PowerLaw         ,3616.7195,3.2047732e-14,1.9467204,3.9097438e-14,1.7777927,0.15842253,HSP
J1547.3-1531,PowerLaw         ,5303.3936,7.193566e-15,1.8846467,8.533572e-15,1.708145,0.14029627,HSP
J1547.3-2802,PowerLaw         ,4178.036,2.0152643e-14,1.8805634,2.13575e-14,1.8520005,0.03243539,HSP
J1548.8-2250,PowerLaw         ,4642.6914,5.2885444e-14,1.7925259,5.6988383e-14,1.7507042,0.03810202,HSP
J1549.3+4234,PowerLaw         ,2553.4023,1.8393908e-14,2.0493302,2.214875e-14,1.9911834,0.122540526,HSP
J1549.8-3044,PowerLaw         ,5207.0757,9.127838e-15,1.8399146,1.1137073e-14,1.7464112,0.118847705,HSP
J1549.8-0659,PowerLaw         ,2812.1602,1.2357846e-13,1.9490218,1.2985263e-13,1.917446,0.028817099,HSP
J1550.8-0822,PowerLaw         ,5675.671,6.6495966e-15,1.8865007,7.737616e-15,1.7296445,0.11828209,HSP
J1553.5-3118,LogParabola      ,1987.7402,3.181442e-13,1.951433,3.560002e-13,1.8443173,0.08386257,HSP
J1554.4-1215,PowerLaw         ,5248.1743,8.770075e-15,1.8455182,1.3911672e-14,1.5937061,0.43001863,HSP
J1555.7+1111,LogParabola      ,1802.4828,3.5195e-12,1.6862148,3.8431784e-12,1.5411589,0.06791701,HSP
J1557.9-1404,LogParabola      ,1771.5947,1.0024883e-13,2.2351396,1.7455857e-13,2.261882,0.750161,HSP
J1600.0+8510,PowerLaw         ,2026.475,1.13576825e-13,2.0933893,1.1930521e-13,2.0478947,0.036358975,HSP
J1606.2+1346,PowerLaw         ,8532.128,1.836642e-15,1.7576371,1.9910998e-15,1.7049587,0.04952139,HSP
J1610.7-6648,LogParabola      ,2583.6802,3.996348e-13,1.755501,4.586686e-13,1.5656291,0.11094648,HSP
J1613.3-1907,PowerLaw         ,3644.02,1.6920007e-14,2.0917728,1.7292384e-14,2.0751185,0.01549036,HSP
J1614.8-0850,PowerLaw         ,12225.862,1.1396012e-15,1.742688,9.254361e-16,1.8230659,-0.08266297,HSP
J1623.4+0858,PowerLaw         ,3569.3743,1.21760436e-14,2.0419445,1.2145833e-14,2.0420833,-0.0010647043,HSP
J1626.3+3514,PowerLaw         ,5333.9077,6.0860838e-15,1.7502794,8.2298475e-15,1.4219322,0.25500548,HSP
J1627.3+3148,PowerLaw         ,4140.396,9.487368e-15,1.9585944,1.1760642e-14,1.4830582,0.29255763,HSP
J1632.4+5800,PowerLaw         ,4389.8296,3.9241397e-15,1.9112728,4.3326913e-15,1.8321246,0.06850839,HSP
J1636.3+7128,PowerLaw         ,594.6461,7.1435956e-13,2.7503712,5.79978e-13,2.8057337,-0.11798681,HSP
J1637.2+4327,PowerLaw         ,6346.963,1.9180763e-15,1.8038257,3.155478e-15,1.3140275,0.4797881,HSP
J1637.6+4548,PowerLaw         ,4950.2754,3.664187e-15,1.9185243,3.6119103e-15,1.9143918,0.0009753727,HSP
J1638.0+0042,PowerLaw         ,8767.552,2.112534e-15,1.6854901,2.3162014e-15,1.6456566,0.049472947,HSP
J1640.2+0629,PowerLaw         ,5748.3,7.065217e-15,1.8407038,6.981789e-15,1.8430749,-0.0044422313,HSP
J1640.3+6850,PowerLaw         ,2328.7397,3.9917563e-14,2.1324646,3.7751564e-14,2.1644645,-0.031532764,HSP
J1640.9+1143,PowerLaw         ,1162.2842,3.2504224e-13,2.4052567,3.2542594e-13,2.4059238,-0.000634571,HSP
J1642.4+2211,PowerLaw         ,5257.553,3.8937825e-15,2.015608,4.2810066e-15,2.0154734,0.0558114,HSP
J1643.7+3317,PowerLaw         ,9649.717,1.1475127e-15,1.6103061,2.6243018e-15,1.1996312,0.99979836,HSP
J1651.6+7219,PowerLaw         ,3834.3975,1.9717504e-14,1.878397,1.9900814e-14,1.8733919,0.0048686257,HSP
J1652.7+4024,PowerLaw         ,4571.0283,1.2327517e-14,1.9268385,1.3703613e-14,1.8288921,0.07982663,HSP
J1653.8+3945,LogParabola      ,1486.4363,4.078338e-12,1.7642335,4.182694e-12,1.7211078,0.019929102,HSP
J1712.7+2932,PowerLaw         ,4013.9614,2.133423e-14,1.842312,2.3186709e-14,1.7767087,0.051063277,HSP
J1714.0-2029,PowerLaw         ,13490.821,2.4679592e-15,1.6188952,2.5657807e-15,1.6067284,0.016168417,HSP
J1725.0+1152,LogParabola      ,2147.865,8.1131635e-13,1.8669957,8.675415e-13,1.7657695,0.058727194,HSP
J1728.3+5013,PowerLaw         ,3056.4958,1.8497558e-13,1.7754616,1.8959155e-13,1.7592262,0.012157813,HSP
J1736.0+2033,LogParabola      ,2549.893,7.5258146e-14,1.9141248,9.1041114e-14,1.7436273,0.1472937,HSP
J1744.0+1935,PowerLaw         ,2791.8096,1.0189915e-13,1.9473318,1.08274006e-13,1.9074409,0.037073843,HSP
J1744.4+1851,PowerLaw         ,6191.4795,3.2668659e-15,1.8450102,3.596674e-15,1.7935096,0.050918788,HSP
J1747.2+4937,PowerLaw         ,5041.91,4.3092716e-15,1.882597,4.5324826e-15,1.8560411,0.03130899,HSP
J1748.1+2702,PowerLaw         ,2089.0178,4.6628584e-14,2.2276518,4.3140262e-14,2.259608,-0.04163369,HSP
J1800.1+2812,PowerLaw         ,4751.771,7.983388e-15,1.956635,8.205278e-15,1.9336959,0.019048816,HSP
J1808.8+2419,PowerLaw         ,3408.4045,1.7016328e-14,2.1173158,1.7004581e-14,2.1172702,0.00018689377,HSP
J1810.7+5335,PowerLaw         ,2778.565,4.184213e-14,2.0456648,4.6966425e-14,1.9200101,0.102517575,HSP
J1811.3+0340,LogParabola      ,2887.6768,1.385916e-13,1.8733175,1.5795035e-13,1.7309377,0.10015571,HSP
J1813.5+3144,PowerLaw         ,2266.7122,1.9965054e-13,2.1685848,2.1361751e-13,2.1589437,0.03693268,HSP
J1814.0+3828,PowerLaw         ,1642.7902,6.356673e-14,2.2720397,6.436033e-14,2.2663581,0.008200721,HSP
J1820.3+3624,PowerLaw         ,4698.193,1.181435e-14,1.8221352,1.2735501e-14,1.7630695,0.045206226,HSP
J1823.6-3453,LogParabola      ,2910.145,2.0136059e-13,1.7872471,2.1777122e-13,1.6974146,0.05444063,HSP
J1824.5+4311,PowerLaw         ,5449.073,7.0329883e-15,1.8395947,7.9213115e-15,1.7361223,0.081557885,HSP
J1829.3+5402,PowerLaw         ,3308.9272,4.1705426e-14,1.8584565,4.9334143e-14,1.728966,0.11623409,HSP
J1838.8+4802,LogParabola      ,1698.429,7.806473e-13,1.8525823,8.2225215e-13,1.7639242,0.045896925,HSP
J1841.3+2909,PowerLaw         ,7368.5986,8.420356e-15,1.7419534,1.06303795e-14,1.5821955,0.1544391,HSP
J1841.8+3218,LogParabola      ,3656.535,3.9750138e-14,1.8976762,4.939032e-14,1.5560329,0.24669586,HSP
J1844.4+1547,LogParabola      ,2292.6135,4.2408118e-13,2.0459373,4.7412226e-13,1.9411637,0.09662871,HSP
J1846.7+7238,PowerLaw         ,6408.3735,2.8157622e-15,1.8139424,3.7701674e-15,1.2179236,0.39929363,HSP
J1848.1-4230,PowerLaw         ,1705.5258,1.1513491e-13,2.3166814,1.2646164e-13,2.3159246,0.05301274,HSP
J1849.2-1647,PowerLaw         ,5237.697,2.1603047e-14,1.962654,2.00966e-14,1.9812253,-0.034089036,HSP
J1850.5+2631,PowerLaw         ,11763.26,2.0211953e-15,1.6769772,2.2370614e-15,1.6347512,0.052959707,HSP
J1853.8+6714,PowerLaw         ,3786.66,8.018974e-15,2.2249799,1.0112857e-14,2.1446013,0.1831941,HSP
J1913.9+4439,PowerLaw         ,2722.5466,4.6700494e-14,1.9979287,5.063291e-14,1.9557228,0.050587956,HSP
J1917.7-1921,PowerLaw         ,2256.2725,6.7901327e-13,1.9393849,7.070946e-13,1.9127885,0.023791373,HSP
J1918.1+3752,PowerLaw         ,3805.093,1.4975607e-14,1.980213,1.8461556e-14,1.9265784,0.12220043,HSP
J1922.5-7453,PowerLaw         ,3540.1223,3.289221e-14,1.9156541,3.595363e-14,1.8284954,0.06300933,HSP
J1925.0+2815,PowerLaw         ,3536.875,5.4560485e-14,1.9808208,5.825218e-14,1.94271,0.040997174,HSP
J1926.8+6154,LogParabola      ,2809.2534,1.6397021e-13,1.9059838,1.8032638e-13,1.7843225,0.08539983,HSP
J1931.1+0937,LogParabola      ,3575.067,2.3455416e-13,1.8599766,2.5830737e-13,1.6937016,0.09496702,HSP
J1933.3+0726,PowerLaw         ,4609.8965,5.236105e-14,1.8400029,5.765096e-14,1.773602,0.057228383,HSP
J1934.2+6002,LogParabola      ,3752.2925,1.7615107e-14,1.8850542,2.4728407e-14,1.8396329,0.22864494,HSP
J1934.3-2419,PowerLaw         ,5004.835,9.116511e-15,1.8130159,1.311701e-14,1.5882163,0.28169042,HSP
J1942.7+1033,PowerLaw         ,3457.277,2.3944816e-13,1.8679526,2.5244227e-13,1.8338467,0.029542882,HSP
J1949.5+0906,PowerLaw         ,3546.2878,4.8779523e-14,2.0056455,4.8366994e-14,2.013429,-0.005832723,HSP
J1954.9-5640,PowerLaw         ,3690.2522,2.9717755e-14,1.9058298,2.7573758e-14,1.9477979,-0.03597836,HSP
J1955.1-1604,PowerLaw         ,3292.8662,5.9660596e-14,2.029346,5.98266e-14,2.0275023,0.0019311403,HSP
J1959.7-4725,LogParabola      ,2519.288,1.7569124e-13,1.7930052,2.0657219e-13,1.5925331,0.12845892,HSP
J2000.0+6508,LogParabola      ,1685.7719,3.0150758e-12,1.8159198,3.1164097e-12,1.7613604,0.027038833,HSP
J2001.2+4353,LogParabola      ,2071.3486,8.9166375e-13,1.9549142,9.913382e-13,1.8110085,0.096745506,HSP
J2002.6+6302,PowerLaw         ,10813.114,1.1321797e-15,1.6098187,1.7200288e-15,1.4776074,0.255314,HSP
J2005.1+7003,LogParabola      ,3788.5396,4.1411058e-14,1.8526205,5.0490377e-14,1.6395103,0.16937901,HSP
J2009.4-4849,LogParabola      ,1570.859,1.0234498e-12,1.8301593,1.0746776e-12,1.7492347,0.040194456,HSP
J2014.5+0648,PowerLaw         ,5397.2812,1.5578396e-14,1.8464396,1.6770683e-14,1.8063525,0.041984458,HSP
J2017.5-4113,PowerLaw         ,3032.3672,2.8414901e-14,1.9888759,3.3033126e-14,1.9144527,0.08945167,HSP
J2030.9+1935,LogParabola      ,2671.8403,1.08488854e-13,1.8705647,1.3022699e-13,1.652372,0.15761933,HSP
J2034.8-4200,PowerLaw         ,3534.054,2.8213578e-14,1.9121243,3.3855697e-14,1.7781391,0.13711448,HSP
J2039.5+5218,PowerLaw         ,6692.857,1.20932e-14,1.8391286,1.3195734e-14,1.7976846,0.047916915,HSP
J2041.8-7319,PowerLaw         ,4789.168,1.0360333e-14,1.8715268,1.1889204e-14,1.7190408,0.10671346,HSP
J2041.9-3735,PowerLaw         ,3147.6367,2.978374e-14,1.9651462,2.9419657e-14,1.9712439,-0.0073544984,HSP
J2042.1+2427,PowerLaw         ,3777.096,3.5859685e-14,1.9133356,3.7040893e-14,1.8987356,0.016664363,HSP
J2046.6-1012,PowerLaw         ,3294.4653,1.9963193e-14,1.9485784,2.2453285e-14,1.9079016,0.074303515,HSP
J2053.8+2922,LogParabola      ,4763.389,4.2061437e-14,1.7206376,5.6031914e-14,1.4511334,0.21398298,HSP
J2055.4-0020,PowerLaw         ,4709.4395,1.6044266e-14,1.8420897,1.8155089e-14,1.7433474,0.079952285,HSP
J2056.7+4939,PowerLaw         ,6124.8066,5.458847e-14,1.8618381,5.802831e-14,1.8314056,0.033673357,HSP
J2104.3-0212,PowerLaw         ,7777.892,4.256162e-15,1.6621983,5.0489127e-15,1.574591,0.08908203,HSP
J2108.7-0250,PowerLaw         ,2462.0613,5.759058e-14,2.043974,5.5536647e-14,2.0599627,-0.020707643,HSP
J2109.8-8618,PowerLaw         ,6631.9814,6.5823964e-15,1.7617756,7.116534e-15,1.7121123,0.0429587,HSP
J2112.7+0819,PowerLaw         ,3971.9197,3.173027e-14,1.9069424,3.7907723e-14,1.7547842,0.13682897,HSP
J2117.8-3243,PowerLaw         ,3559.7917,2.2474244e-14,2.029143,2.1455937e-14,2.0497117,-0.026123982,HSP
J2127.7+3612,LogParabola      ,1863.2344,3.2935848e-13,1.9906721,3.7810643e-13,1.812103,0.12740122,HSP
J2130.2-7320,PowerLaw         ,2201.2087,2.6401765e-14,2.1528776,3.521281e-14,1.827418,0.32094494,HSP
J2131.0-2746,LogParabola      ,2442.4612,1.2299897e-13,1.7927285,1.4577051e-13,1.6220651,0.12123543,HSP
J2131.5-0916,PowerLaw         ,2342.9158,1.1957334e-13,1.9888407,1.2014355e-13,1.9852124,0.0027603202,HSP
J2133.9+6646,PowerLaw         ,2905.5613,1.0456924e-13,2.0892446,1.163653e-13,2.0102098,0.08301369,HSP
J2143.1-3929,PowerLaw         ,1680.1906,1.790733e-13,2.1389253,1.7747938e-13,2.1448662,-0.005878216,HSP
J2158.8-3013,LogParabola      ,1118.6427,1.3734627e-11,1.8506614,1.4364525e-11,1.7667894,0.04096861,HSP
J2159.1-2840,PowerLaw         ,3402.614,3.5637922e-14,1.8783028,4.4240494e-14,1.7022367,0.15895827,HSP
J2201.0-5907,PowerLaw         ,3073.4602,1.0194362e-14,1.961491,1.7014073e-14,1.8407526,0.45301136,HSP
J2201.5+2950,PowerLaw         ,2471.6914,2.5158639e-14,2.1564157,2.813985e-14,2.0691173,0.08881644,HSP
J2201.9-1706,PowerLaw         ,24191.277,2.3263347e-16,1.4354429,2.4213178e-16,1.4074957,0.022171784,HSP
J2211.4-7040,PowerLaw         ,2355.889,3.1452485e-14,2.1635554,2.889665e-14,2.2042542,-0.048018277,HSP
J2220.5+2813,PowerLaw         ,3148.9988,2.5177565e-14,1.9862988,2.6931655e-14,1.940159,0.041228075,HSP
J2221.5-5225,LogParabola      ,2313.1284,1.4081905e-13,1.7747129,1.6153284e-13,1.608721,0.10364777,HSP
J2224.3+7737,PowerLaw         ,420.42853,2.8355324e-12,2.8251247,4.0010664e-12,2.4415388,0.45042232,HSP
J2224.5+0353,PowerLaw         ,4431.968,6.01651e-15,1.8941203,7.6585805e-15,1.8667964,0.13473065,HSP
J2232.8+1334,PowerLaw         ,6821.9385,2.4291924e-15,1.7825739,2.9480971e-15,1.6677496,0.12092993,HSP
J2243.9+2021,LogParabola      ,1517.4087,1.5739978e-12,1.8558995,1.7328437e-12,1.715516,0.082285784,HSP
J2244.9-0007,PowerLaw         ,1967.0869,4.551539e-14,2.3145514,4.5927217e-14,2.3050606,0.008051351,HSP
J2246.7-5207,PowerLaw         ,6892.296,4.0693593e-15,1.7092375,4.7002964e-15,1.6278749,0.07564012,HSP
J2247.8+4413,PowerLaw         ,5376.724,2.063946e-14,1.789278,2.1222363e-14,1.7741045,0.013716008,HSP
J2249.7-5944,PowerLaw         ,2400.7517,3.299747e-14,2.1393824,3.2373552e-14,2.16268,-0.015692007,HSP
J2250.0+3825,PowerLaw         ,5054.9014,3.065751e-14,1.7325429,3.182871e-14,1.713293,0.017218923,HSP
J2251.7-3208,PowerLaw         ,5817.802,4.2227184e-15,1.7859571,4.23105e-15,1.7795873,0.002871017,HSP
J2258.4-5524,PowerLaw         ,1585.3125,1.3312066e-13,2.2095616,1.2140927e-13,2.2695377,-0.055964757,HSP
J2300.1+4053,PowerLaw         ,9080.671,1.9335774e-15,1.6910483,2.7082477e-15,1.4427724,0.26698047,HSP
J2304.6+3704,PowerLaw         ,3822.6228,4.731682e-14,1.8489375,4.7934824e-14,1.83995,0.0072683613,HSP
J2307.4-1206,PowerLaw         ,4457.963,6.48721e-15,1.9404066,6.2350917e-15,1.9540988,-0.01811546,HSP
J2309.7-3632,PowerLaw         ,2209.2822,8.124838e-14,1.9930451,7.816877e-14,2.0217776,-0.020969516,HSP
J2313.4-6922,PowerLaw         ,11504.644,8.4630164e-16,1.5484885,1.3524029e-15,1.4881959,0.2287346,HSP
J2314.0+1445,PowerLaw         ,3605.6663,4.6301044e-14,1.8546488,5.163395e-14,1.7964134,0.06059147,HSP
J2317.4-4533,LogParabola      ,1693.98,1.8340382e-13,2.0253048,2.1545287e-13,1.7928843,0.1779649,HSP
J2319.1-4207,PowerLaw         ,2425.8123,4.9596442e-14,2.0089898,4.852469e-14,2.0228746,-0.012696371,HSP
J2319.7+1609,PowerLaw         ,4201.4185,8.0418596e-15,1.8776265,1.1761775e-14,1.5877492,0.32156906,HSP
J2322.7+3436,PowerLaw         ,3285.4915,3.8155978e-14,1.9648635,3.460247e-14,2.0190449,-0.04806163,HSP
J2322.8-4916,LogParabola      ,2660.0466,9.6133876e-14,1.8688756,1.1394348e-13,1.6117303,0.17511268,HSP
J2323.8+4210,LogParabola      ,1948.2534,4.737608e-13,1.886676,5.154171e-13,1.7784339,0.0682164,HSP
J2324.7-4041,LogParabola      ,2867.8442,1.2598771e-13,1.7884268,1.3757455e-13,1.6234802,0.08462097,HSP
J2325.2-2010,PowerLaw         ,3492.881,1.4235332e-14,1.9668349,1.2118597e-14,2.1074183,-0.07915113,HSP
J2325.6+1644,PowerLaw         ,3244.2878,2.1165981e-14,1.9646704,2.2932716e-14,1.9273055,0.052745223,HSP
J2326.9-0201,PowerLaw         ,1113.7603,2.6657344e-13,2.5064192,2.5120804e-13,2.5230842,-0.040367134,HSP
J2329.2+3755,PowerLaw         ,3464.1516,5.6228653e-14,1.8987738,5.768882e-14,1.8833896,0.014016966,HSP
J2330.3-2332,PowerLaw         ,2000.8651,4.0633194e-14,2.199663,4.572032e-14,2.0547495,0.118413635,HSP
J2331.5-0258,PowerLaw         ,4132.2944,8.932718e-15,1.9042819,1.206112e-14,1.670365,0.26026157,HSP
J2339.2-7403,PowerLaw         ,2530.3171,6.8174273e-14,1.9746488,7.2736664e-14,1.9150776,0.04460071,HSP
J2340.5+3854,PowerLaw         ,3440.5159,1.6195602e-14,1.9942672,1.731118e-14,1.9344683,0.049444314,HSP
J2340.8+8015,LogParabola      ,3026.9866,2.0797956e-13,1.9446008,2.370481e-13,1.8392149,0.09363815,HSP
J2343.6+3438,PowerLaw         ,4630.3926,1.785773e-14,1.7666667,2.0197953e-14,1.702505,0.06387781,HSP
J2343.9+0546,LogParabola      ,2060.3484,8.606181e-14,2.114918,1.1899162e-13,2.0103252,0.29186141,HSP
J2347.0+5141,LogParabola      ,1934.7299,6.918134e-13,1.8144213,7.2729426e-13,1.7465011,0.036544148,HSP
J2350.6-3005,PowerLaw         ,2235.5896,8.104035e-14,2.0217648,8.479401e-14,1.9856318,0.0325863,HSP
J2350.9-1416,PowerLaw         ,2543.7915,1.7133923e-14,2.122309,2.30399e-14,1.700724,0.44190314,HSP
J2351.3-7559,PowerLaw         ,2983.3655,4.9444332e-14,1.9144428,5.736014e-14,1.7942748,0.10597084,HSP
J2355.7-3351,PowerLaw         ,582.0943,1.6802744e-12,2.5796278,1.7487618e-12,2.5629694,0.030991236,HSP
J2356.2+4036,PowerLaw         ,3364.589,3.548555e-14,1.9423828,3.6409047e-14,1.9281182,0.014485095,HSP
J2358.5-1808,PowerLaw         ,2582.5127,7.908459e-14,1.9336915,8.5434426e-14,1.8634139,0.054448407,HSP
J2359.0-3038,PowerLaw         ,3703.5862,3.3936805e-14,1.8187637,3.5061916e-14,1.7988403,0.017256342,HSP
